id,first_name,last_name,email,gender,ip_address
1,Austine,Penbarthy,apenbarthy0@hp.com,Female,101.157.168.245
2,Megan,Symmers,msymmers1@wordpress.org,Female,27.177.226.146
3,Gun,Dinning,gdinning2@theglobeandmail.com,Male,115.137.7.1
4,Arabelle,Horbart,ahorbart3@chicagotribune.com,Female,191.249.243.9
5,Cletis,Oldroyde,coldroyde4@google.co.uk,Male,29.223.248.195
6,Gilda,McCall,gmccall5@hubpages.com,Female,115.78.60.84
7,Goldie,Aglione,gaglione6@bloglovin.com,Female,200.40.10.232
8,Alphonse,Jillard,ajillard7@toplist.cz,Male,152.176.234.95
9,Felipa,Peret,fperet8@gnu.org,Female,130.118.94.56
10,Halsey,Ogelsby,hogelsby9@house.gov,Male,225.129.91.202
11,Roscoe,Dowdall,rdowdalla@shinystat.com,Male,121.206.16.15
12,Dar,Gatus,dgatusb@gmpg.org,Male,221.167.153.46
13,Sandye,Grassick,sgrassickc@dion.ne.jp,Female,186.171.48.42
14,Emili,Geill,egeilld@europa.eu,Female,186.170.164.153
15,Had,Bytheway,hbythewaye@google.com,Male,149.14.90.20
16,Sosanna,Long,slongf@nsw.gov.au,Female,66.112.53.45
17,Margret,Nigh,mnighg@bluehost.com,Female,63.75.249.27
18,Adora,Guiu,aguiuh@sfgate.com,Female,97.165.45.217
19,Woodman,Dionisii,wdionisiii@uiuc.edu,Male,34.202.223.136
20,Aubrey,Guiton,aguitonj@edublogs.org,Female,171.178.60.185
21,Rani,Knolles-Green,rknollesgreenk@wunderground.com,Female,190.23.147.169
22,Anabel,Schimann,aschimannl@comsenz.com,Female,146.242.158.135
23,Kalila,Kamena,kkamenam@google.ca,Female,169.203.126.220
24,Kit,Wabersich,kwabersichn@livejournal.com,Female,115.127.134.213
25,Jobyna,Arbor,jarboro@weibo.com,Female,170.15.167.57
26,Rupert,Dunaway,rdunawayp@devhub.com,Male,135.106.226.164
27,Celina,Tebbe,ctebbeq@biglobe.ne.jp,Female,216.155.48.159
28,Archy,Mailey,amaileyr@prnewswire.com,Male,53.103.169.192
29,Amanda,Lafee,alafees@usgs.gov,Female,250.3.177.81
30,Rosalinde,McCard,rmccardt@google.pl,Female,66.97.101.47
31,Doralin,Peasgood,dpeasgoodu@springer.com,Female,141.34.151.67
32,Deloris,Lucus,dlucusv@tmall.com,Female,237.110.67.1
33,Bond,Farndale,bfarndalew@aboutads.info,Male,154.182.244.126
34,Piggy,Raynard,praynardx@rediff.com,Male,190.87.42.104
35,Mary,Bickerdike,mbickerdikey@rediff.com,Female,104.130.15.17
36,Adaline,Ferruzzi,aferruzziz@nps.gov,Female,91.203.186.213
37,Vernor,Else,velse10@msn.com,Male,225.40.142.181
38,Morlee,Mendel,mmendel11@artisteer.com,Male,39.57.179.47
39,Randene,Skingley,rskingley12@amazon.de,Female,232.159.224.143
40,Georgina,Rackam,grackam13@mtv.com,Female,217.227.146.240
41,Selle,Urlich,surlich14@jugem.jp,Female,192.40.135.120
42,Barbey,Crone,bcrone15@51.la,Female,54.198.251.72
43,Ollie,Humberston,ohumberston16@sohu.com,Male,136.230.234.55
44,Aurelie,Ghirardi,aghirardi17@freewebs.com,Female,38.232.156.254
45,Ashien,Wheelhouse,awheelhouse18@123-reg.co.uk,Female,81.131.254.110
46,Morrie,Simoncello,msimoncello19@biblegateway.com,Male,79.89.55.73
47,Carmina,Lapree,clapree1a@nifty.com,Female,230.213.63.236
48,Maren,Townend,mtownend1b@fema.gov,Female,96.37.41.153
49,Catie,Freezor,cfreezor1c@sphinn.com,Female,238.219.219.29
50,Salvador,Townsend,stownsend1d@yelp.com,Male,160.183.159.124
51,Vale,Woodhouse,vwoodhouse1e@ucoz.ru,Male,172.253.218.206
52,Madalyn,Clawson,mclawson1f@jalbum.net,Female,164.124.117.227
53,Harry,Klosser,hklosser1g@foxnews.com,Male,243.245.216.202
54,Madonna,Pinch,mpinch1h@yolasite.com,Female,220.218.9.44
55,Edwin,Cherrie,echerrie1i@infoseek.co.jp,Male,230.168.18.99
56,Silvana,Bernli,sbernli1j@1und1.de,Female,225.86.138.165
57,Tremain,Aloshikin,taloshikin1k@abc.net.au,Male,184.207.94.169
58,Samara,Varsey,svarsey1l@forbes.com,Female,187.140.95.243
59,Mariam,Foxten,mfoxten1m@usatoday.com,Female,70.110.103.121
60,Currey,Knowler,cknowler1n@typepad.com,Male,49.98.237.233
61,Rudolph,Widdowes,rwiddowes1o@bravesites.com,Male,0.92.50.38
62,Pierre,Vogeler,pvogeler1p@dagondesign.com,Male,19.122.128.106
63,Audie,Falconer,afalconer1q@infoseek.co.jp,Female,205.89.70.76
64,Melosa,Knibbs,mknibbs1r@bloglines.com,Female,57.88.146.237
65,Ag,Praton,apraton1s@freewebs.com,Female,17.100.142.105
66,Andras,Poppleston,apoppleston1t@diigo.com,Male,41.53.230.159
67,Zebedee,Losselyong,zlosselyong1u@trellian.com,Male,219.6.43.8
68,Arnoldo,Huskisson,ahuskisson1v@cmu.edu,Male,21.253.7.57
69,Magdaia,Long,mlong1w@state.gov,Female,167.162.97.188
70,Heindrick,MacNockater,hmacnockater1x@dailymail.co.uk,Male,74.112.198.250
71,Vera,Noto,vnoto1y@europa.eu,Female,124.6.75.190
72,Lewiss,Andrzej,landrzej1z@unicef.org,Male,37.250.164.131
73,Talbert,McCoughan,tmccoughan20@miibeian.gov.cn,Male,69.187.201.255
74,Johann,Cranch,jcranch21@people.com.cn,Male,111.61.28.84
75,Horacio,Quantrell,hquantrell22@youtube.com,Male,250.229.66.76
76,Georgette,Mockford,gmockford23@is.gd,Female,5.238.10.193
77,Mycah,Hanwell,mhanwell24@wunderground.com,Male,81.117.227.142
78,Dirk,Ridges,dridges25@guardian.co.uk,Male,185.45.86.24
79,Northrop,Kondrat,nkondrat26@cornell.edu,Male,35.8.16.184
80,Joscelin,McMurtyr,jmcmurtyr27@epa.gov,Female,0.162.150.72
81,Vin,Cavill,vcavill28@disqus.com,Male,158.254.74.24
82,Thorvald,Haughian,thaughian29@linkedin.com,Male,173.211.82.114
83,Leelah,Garthshore,lgarthshore2a@hubpages.com,Female,3.189.18.33
84,Gwyneth,Blumire,gblumire2b@tuttocitta.it,Female,31.49.170.185
85,Hilario,Keegan,hkeegan2c@imdb.com,Male,96.166.253.58
86,Fraze,Gateley,fgateley2d@nhs.uk,Male,116.126.3.48
87,Vivyan,Gianettini,vgianettini2e@histats.com,Female,113.202.230.16
88,Antonin,Alderwick,aalderwick2f@bandcamp.com,Male,112.118.205.187
89,Faulkner,D'Alessandro,fdalessandro2g@furl.net,Male,225.104.80.179
90,Terrence,Bosma,tbosma2h@nature.com,Male,182.254.97.202
91,Ivor,Gelly,igelly2i@chicagotribune.com,Male,204.105.252.138
92,Chadwick,Rainger,crainger2j@irs.gov,Male,188.77.99.141
93,Hersh,Crix,hcrix2k@trellian.com,Male,125.87.37.234
94,Sherwin,Kirwin,skirwin2l@fastcompany.com,Male,104.109.182.110
95,Krystyna,Cousen,kcousen2m@telegraph.co.uk,Female,138.250.93.233
96,Mischa,Horstead,mhorstead2n@chicagotribune.com,Male,167.151.50.95
97,Miran,Arnason,marnason2o@dyndns.org,Female,101.81.73.238
98,Timoteo,Woodyeare,twoodyeare2p@home.pl,Male,205.195.165.62
99,Boot,Klimpke,bklimpke2q@chicagotribune.com,Male,255.56.236.40
100,Daren,Climer,dclimer2r@com.com,Male,255.9.73.149
101,Howey,Dunne,hdunne2s@nationalgeographic.com,Male,162.230.125.96
102,Sammie,Sproston,ssproston2t@dell.com,Male,117.103.230.228
103,Aryn,Condliffe,acondliffe2u@phpbb.com,Female,32.97.145.86
104,Drusie,Wallsworth,dwallsworth2v@cloudflare.com,Female,196.189.73.109
105,Calypso,MacRitchie,cmacritchie2w@tripadvisor.com,Female,159.15.29.1
106,Roselia,Grouse,rgrouse2x@privacy.gov.au,Female,98.82.110.133
107,Christophorus,Elsie,celsie2y@kickstarter.com,Male,145.212.101.81
108,Marjorie,Titterell,mtitterell2z@cdbaby.com,Female,200.232.164.13
109,Zulema,Woodier,zwoodier30@auda.org.au,Female,28.212.127.136
110,Lelia,Weddeburn,lweddeburn31@friendfeed.com,Female,235.123.163.206
111,Brigid,Winthrop,bwinthrop32@indiatimes.com,Female,178.169.88.25
112,Husain,McDonogh,hmcdonogh33@networksolutions.com,Male,69.46.161.219
113,Georgianna,Lemmanbie,glemmanbie34@php.net,Female,33.60.238.215
114,Giana,McMeekin,gmcmeekin35@goodreads.com,Female,67.28.6.205
115,Gonzalo,Colloff,gcolloff36@telegraph.co.uk,Male,225.73.197.123
116,Fancy,Pacquet,fpacquet37@vkontakte.ru,Female,236.86.209.124
117,Nessy,Andrivot,nandrivot38@ed.gov,Female,111.46.189.135
118,Angelina,Goosnell,agoosnell39@pagesperso-orange.fr,Female,205.80.1.169
119,Audi,Polson,apolson3a@youtu.be,Female,63.38.190.107
120,Alexandro,Lucio,alucio3b@yellowpages.com,Male,53.38.41.3
121,Haleigh,Decruse,hdecruse3c@patch.com,Female,8.51.234.193
122,Beck,Gait,bgait3d@squarespace.com,Male,116.101.153.49
123,Logan,Riggey,lriggey3e@google.ca,Male,75.234.155.226
124,Tony,Jeffers,tjeffers3f@lycos.com,Male,173.136.209.138
125,Akim,Gait,agait3g@wufoo.com,Male,46.219.157.171
126,Colin,Daouse,cdaouse3h@cnbc.com,Male,68.23.131.179
127,Di,Arne,darne3i@topsy.com,Female,10.183.48.179
128,Garrett,Dobrovolny,gdobrovolny3j@amazon.de,Male,238.222.171.168
129,Abner,Clout,aclout3k@sakura.ne.jp,Male,233.66.217.24
130,Clifford,Stanyer,cstanyer3l@si.edu,Male,114.105.88.35
131,Lynette,Godrich,lgodrich3m@hatena.ne.jp,Female,54.52.217.191
132,Eunice,Stienham,estienham3n@dailymail.co.uk,Female,158.201.43.166
133,Bertram,Spink,bspink3o@ed.gov,Male,120.122.194.172
134,Justen,Duerden,jduerden3p@discuz.net,Male,251.140.117.74
135,Pepillo,Mergue,pmergue3q@wix.com,Male,198.80.160.177
136,Palmer,Holborn,pholborn3r@redcross.org,Male,143.192.149.30
137,Sayre,Faughey,sfaughey3s@imdb.com,Female,253.3.97.70
138,Katuscha,Malthus,kmalthus3t@marketwatch.com,Female,35.128.254.114
139,Stepha,Dunkerton,sdunkerton3u@live.com,Female,149.152.132.56
140,Reggi,Dodswell,rdodswell3v@wunderground.com,Female,219.200.165.103
141,Dee,Arkle,darkle3w@cpanel.net,Female,56.197.214.207
142,Grissel,Quinsee,gquinsee3x@comcast.net,Female,195.39.232.81
143,Linell,Storah,lstorah3y@discuz.net,Female,100.99.192.101
144,Lilian,McGaugan,lmcgaugan3z@123-reg.co.uk,Female,15.99.57.216
145,Cris,Lount,clount40@wisc.edu,Female,89.216.127.101
146,Torr,Zuanelli,tzuanelli41@mapquest.com,Male,142.28.96.151
147,Delly,Glacken,dglacken42@tripadvisor.com,Female,156.164.229.45
148,Melania,Heardman,mheardman43@imageshack.us,Female,23.173.35.242
149,Denis,Flores,dflores44@techcrunch.com,Male,241.11.1.239
150,Susie,Propper,spropper45@php.net,Female,83.136.48.159
151,Earvin,Hayesman,ehayesman46@imgur.com,Male,93.251.111.17
152,Chrystel,Klimsch,cklimsch47@senate.gov,Female,38.5.60.163
153,Tiler,Masden,tmasden48@sakura.ne.jp,Male,144.241.50.178
154,Giraldo,Burrage,gburrage49@bing.com,Male,244.91.206.42
155,Terri,Pentercost,tpentercost4a@state.tx.us,Male,239.22.61.109
156,Evered,Machent,emachent4b@state.tx.us,Male,177.52.64.131
157,Giacinta,Grenville,ggrenville4c@freewebs.com,Female,187.41.0.198
158,Georgetta,McAuslene,gmcauslene4d@paypal.com,Female,41.50.105.153
159,Berte,Pretley,bpretley4e@twitpic.com,Female,13.151.153.206
160,Nicki,Bigglestone,nbigglestone4f@clickbank.net,Female,196.58.155.18
161,Janek,Basill,jbasill4g@blog.com,Male,227.184.91.21
162,Roxanna,Dubois,rdubois4h@omniture.com,Female,153.235.184.149
163,Carlos,Gamlin,cgamlin4i@umich.edu,Male,98.148.185.21
164,Alphonse,Watchorn,awatchorn4j@bravesites.com,Male,144.115.71.159
165,Brose,Manktelow,bmanktelow4k@uol.com.br,Male,73.205.94.61
166,Mabel,Castrillo,mcastrillo4l@thetimes.co.uk,Female,149.223.154.221
167,Kerstin,Clarey,kclarey4m@blinklist.com,Female,176.177.129.29
168,Ruthy,Kilban,rkilban4n@paginegialle.it,Female,163.101.151.140
169,Stefania,Ghelarducci,sghelarducci4o@businessinsider.com,Female,146.71.181.70
170,Heidie,Ivancevic,hivancevic4p@linkedin.com,Female,216.182.167.157
171,Jenilee,Lewson,jlewson4q@accuweather.com,Female,221.83.253.5
172,Bowie,Eastup,beastup4r@harvard.edu,Male,152.251.180.2
173,Zedekiah,Duesbury,zduesbury4s@chicagotribune.com,Male,183.30.11.47
174,Timothy,Sanders,tsanders4t@cornell.edu,Male,62.37.204.133
175,Curcio,Seabrocke,cseabrocke4u@slate.com,Male,23.42.56.41
176,Lynn,Fairham,lfairham4v@springer.com,Male,119.64.13.74
177,Kore,Melmoth,kmelmoth4w@howstuffworks.com,Female,221.203.206.250
178,Geoffry,Ambrois,gambrois4x@ifeng.com,Male,209.224.107.156
179,Rab,Bruhke,rbruhke4y@indiegogo.com,Male,254.78.141.97
180,Gloria,Woolam,gwoolam4z@reverbnation.com,Female,244.24.174.21
181,Stinky,De Hailes,sdehailes50@forbes.com,Male,162.38.92.169
182,Danit,Berecloth,dberecloth51@oracle.com,Female,228.197.22.119
183,Lorilee,Roskelley,lroskelley52@infoseek.co.jp,Female,67.5.170.63
184,Geraldine,Haborn,ghaborn53@feedburner.com,Female,231.37.57.220
185,Lisle,Cuthbert,lcuthbert54@hexun.com,Male,203.181.244.77
186,Merissa,Lahiff,mlahiff55@dailymail.co.uk,Female,64.142.84.157
187,Leonardo,Thew,lthew56@seesaa.net,Male,147.3.218.28
188,Felecia,Root,froot57@independent.co.uk,Female,247.202.123.86
189,Xenos,Duke,xduke58@psu.edu,Male,104.252.84.148
190,Marcelle,Broomer,mbroomer59@google.nl,Female,27.137.13.70
191,Idette,Rodenburgh,irodenburgh5a@bluehost.com,Female,17.137.78.83
192,Gayleen,Arenson,garenson5b@imgur.com,Female,110.69.82.86
193,Shela,Fernyhough,sfernyhough5c@goo.ne.jp,Female,211.40.207.16
194,Zaccaria,Roston,zroston5d@ucoz.ru,Male,198.136.149.196
195,Jose,Snasel,jsnasel5e@ed.gov,Male,54.76.190.61
196,Cristobal,Wittrington,cwittrington5f@tamu.edu,Male,95.52.153.81
197,Miltie,Dikes,mdikes5g@sciencedaily.com,Male,32.104.41.64
198,Kathryn,Gordge,kgordge5h@wikipedia.org,Female,233.78.248.164
199,Steffane,Tolfrey,stolfrey5i@nasa.gov,Female,202.5.237.251
200,Palm,Loffel,ploffel5j@blog.com,Male,181.31.164.140
201,Delia,Zecchetti,dzecchetti5k@japanpost.jp,Female,225.184.163.2
202,Morganica,Ivashov,mivashov5l@51.la,Female,146.120.0.61
203,Dasi,Trymme,dtrymme5m@yahoo.com,Female,180.219.160.212
204,Tommie,McUre,tmcure5n@amazonaws.com,Male,27.115.17.40
205,Alfie,Maycock,amaycock5o@51.la,Female,199.251.47.51
206,Greggory,McCahey,gmccahey5p@mapy.cz,Male,127.118.166.202
207,Netti,Zelley,nzelley5q@reference.com,Female,63.77.150.44
208,Barnebas,Fist,bfist5r@4shared.com,Male,101.181.71.243
209,Arie,Granger,agranger5s@csmonitor.com,Male,105.141.9.48
210,Lissy,Colleford,lcolleford5t@columbia.edu,Female,4.18.16.37
211,Mose,Megahey,mmegahey5u@uiuc.edu,Male,79.233.158.245
212,Robbie,Mournian,rmournian5v@reddit.com,Female,132.64.249.92
213,Dill,Gathercoal,dgathercoal5w@skype.com,Male,89.193.130.129
214,Thedric,Poulsum,tpoulsum5x@redcross.org,Male,166.8.253.6
215,Shelby,Edgeler,sedgeler5y@free.fr,Female,128.233.137.40
216,Lebbie,Billingsley,lbillingsley5z@typepad.com,Female,94.7.110.244
217,Lora,Lerigo,llerigo60@nps.gov,Female,20.12.221.127
218,Elna,Exer,eexer61@eventbrite.com,Female,167.153.141.89
219,Lewiss,Samme,lsamme62@deliciousdays.com,Male,225.59.4.23
220,Elianore,Petrenko,epetrenko63@businessinsider.com,Female,140.40.206.173
221,Camellia,Hawkswood,chawkswood64@narod.ru,Female,104.117.193.201
222,Hugibert,Royson,hroyson65@hud.gov,Male,97.8.32.185
223,Goober,Kornas,gkornas66@webmd.com,Male,130.227.43.40
224,Giffard,Yarwood,gyarwood67@miitbeian.gov.cn,Male,35.125.167.183
225,Jarrid,Scroggie,jscroggie68@aboutads.info,Male,226.53.132.119
226,Crichton,Bembrigg,cbembrigg69@chronoengine.com,Male,85.20.176.107
227,Auria,Gauntley,agauntley6a@biglobe.ne.jp,Female,123.211.134.211
228,Krissie,Rouby,krouby6b@linkedin.com,Female,89.105.214.33
229,Rodge,Conkey,rconkey6c@wikipedia.org,Male,222.198.167.156
230,Marice,Mouland,mmouland6d@tinyurl.com,Female,199.116.49.243
231,Pooh,Tattam,ptattam6e@fda.gov,Male,111.142.35.247
232,Annis,Pampling,apampling6f@bravesites.com,Female,239.252.131.161
233,Virgina,Copin,vcopin6g@examiner.com,Female,169.194.237.249
234,Kennith,Dowley,kdowley6h@gmpg.org,Male,242.108.29.34
235,Daron,Kettley,dkettley6i@dagondesign.com,Male,1.142.67.94
236,Bess,Creed,bcreed6j@nymag.com,Female,59.51.189.178
237,Karyn,Ellis,kellis6k@goo.gl,Female,84.96.191.123
238,Orin,Dikels,odikels6l@phoca.cz,Male,44.150.150.131
239,Fax,Stower,fstower6m@hhs.gov,Male,7.180.9.235
240,Rollins,Tampling,rtampling6n@java.com,Male,42.55.104.74
241,Trixy,Finnie,tfinnie6o@salon.com,Female,170.106.137.223
242,Lilly,Thomton,lthomton6p@dion.ne.jp,Female,146.184.17.145
243,Bevvy,Dunlea,bdunlea6q@flickr.com,Female,248.78.254.149
244,Mab,Lowles,mlowles6r@networkadvertising.org,Female,141.8.78.197
245,Donn,Jurca,djurca6s@cbc.ca,Male,39.145.115.172
246,Johnette,Martinie,jmartinie6t@theglobeandmail.com,Female,193.79.176.133
247,Emmy,Seery,eseery6u@studiopress.com,Male,142.20.120.52
248,Sherry,Sander,ssander6v@friendfeed.com,Female,154.85.13.95
249,Emmalynn,Giacomini,egiacomini6w@theatlantic.com,Female,230.0.120.208
250,Joli,Extil,jextil6x@discuz.net,Female,106.48.157.192
251,Hanni,Kittoe,hkittoe6y@xing.com,Female,147.163.159.126
252,Keir,Feehery,kfeehery6z@infoseek.co.jp,Male,225.238.24.180
253,Kort,Bealton,kbealton70@friendfeed.com,Male,0.243.141.19
254,Concettina,Nouch,cnouch71@google.cn,Female,137.6.223.170
255,Larisa,Cadge,lcadge72@google.com,Female,218.28.86.30
256,Renell,Ceely,rceely73@github.io,Female,223.241.4.195
257,Rivkah,Macieja,rmacieja74@phpbb.com,Female,8.0.120.57
258,Garrard,Butter,gbutter75@fotki.com,Male,122.154.199.43
259,Guillemette,Zimmermanns,gzimmermanns76@economist.com,Female,148.190.226.56
260,Lucy,Todman,ltodman77@cbslocal.com,Female,69.154.39.74
261,Wilfred,Kolyagin,wkolyagin78@usa.gov,Male,94.215.95.33
262,Gibb,Spiller,gspiller79@walmart.com,Male,21.125.110.232
263,Zerk,Meach,zmeach7a@posterous.com,Male,179.22.83.101
264,Rab,Sowersby,rsowersby7b@webs.com,Male,32.13.250.141
265,Eva,Jeannel,ejeannel7c@uol.com.br,Female,76.101.255.82
266,Maurie,Goldsworthy,mgoldsworthy7d@cnbc.com,Male,81.92.125.40
267,Delaney,Lamond,dlamond7e@unicef.org,Male,2.149.93.108
268,Dave,Fee,dfee7f@archive.org,Male,212.94.24.82
269,Salvidor,Back,sback7g@diigo.com,Male,253.192.50.104
270,Dew,Mabbs,dmabbs7h@google.ru,Male,122.15.50.1
271,Humbert,Gartenfeld,hgartenfeld7i@thetimes.co.uk,Male,132.231.14.183
272,Hew,Bewlay,hbewlay7j@dmoz.org,Male,201.235.160.249
273,Maurizia,Cranefield,mcranefield7k@skype.com,Female,137.51.47.205
274,Danie,Smitheman,dsmitheman7l@liveinternet.ru,Male,36.159.231.184
275,Any,Brydone,abrydone7m@biblegateway.com,Male,121.169.37.127
276,Addia,Charnick,acharnick7n@mapquest.com,Female,240.124.231.146
277,Brandon,Janout,bjanout7o@wisc.edu,Male,80.137.181.111
278,Hugh,Constantine,hconstantine7p@biblegateway.com,Male,222.80.253.243
279,Emelia,Venart,evenart7q@disqus.com,Female,253.247.147.84
280,Tristan,Bartolini,tbartolini7r@parallels.com,Male,195.6.112.22
281,Suzann,Dooly,sdooly7s@jalbum.net,Female,68.37.103.236
282,Althea,Nannini,anannini7t@marriott.com,Female,167.16.226.198
283,Gorden,Carse,gcarse7u@ning.com,Male,35.73.158.114
284,Farlay,Gorwood,fgorwood7v@howstuffworks.com,Male,52.70.137.254
285,Belinda,Stennes,bstennes7w@wufoo.com,Female,204.146.59.35
286,Cecilius,Machen,cmachen7x@hao123.com,Male,51.167.149.50
287,Vina,Jolland,vjolland7y@exblog.jp,Female,129.32.80.15
288,Cele,Cridlan,ccridlan7z@buzzfeed.com,Female,172.58.56.125
289,Ellie,Padson,epadson80@over-blog.com,Female,231.158.19.86
290,Sascha,Writer,swriter81@altervista.org,Male,197.176.191.244
291,Vick,Pendre,vpendre82@admin.ch,Male,131.64.249.201
292,Sydel,Druce,sdruce83@sbwire.com,Female,65.216.194.250
293,Silvio,Newband,snewband84@clickbank.net,Male,209.23.114.224
294,Lindsay,Sigward,lsigward85@themeforest.net,Male,85.14.98.227
295,Eldin,Manssuer,emanssuer86@webnode.com,Male,181.176.204.42
296,Bartholemy,Murty,bmurty87@ameblo.jp,Male,195.165.44.180
297,Kurtis,Ciardo,kciardo88@yale.edu,Male,109.76.220.94
298,Christie,Dobrowolny,cdobrowolny89@t-online.de,Female,247.150.181.150
299,Delcina,Wooler,dwooler8a@apple.com,Female,92.153.113.243
300,Grantham,Shegog,gshegog8b@addtoany.com,Male,3.244.239.204
301,Dilan,Beddo,dbeddo8c@wunderground.com,Male,100.211.57.211
302,Liz,Gamil,lgamil8d@thetimes.co.uk,Female,136.235.28.18
303,Eula,Hendrik,ehendrik8e@blogger.com,Female,91.99.4.102
304,Thedric,Hartridge,thartridge8f@reddit.com,Male,223.234.100.37
305,Nikola,Lilleman,nlilleman8g@sun.com,Male,139.120.4.184
306,Mada,Bumpas,mbumpas8h@so-net.ne.jp,Female,60.226.195.102
307,North,Quincey,nquincey8i@washingtonpost.com,Male,49.98.107.51
308,Rosalinda,Spadoni,rspadoni8j@oakley.com,Female,101.175.227.195
309,Nita,Peaurt,npeaurt8k@china.com.cn,Female,252.94.91.113
310,Lita,Duffree,lduffree8l@unc.edu,Female,80.146.191.10
311,Thacher,Deverall,tdeverall8m@about.me,Male,136.132.147.228
312,Merrel,Abriani,mabriani8n@oracle.com,Male,3.250.119.205
313,Quinlan,Hadrill,qhadrill8o@dagondesign.com,Male,110.158.215.11
314,Lilly,Huskinson,lhuskinson8p@delicious.com,Female,89.34.5.210
315,Glyn,Edmott,gedmott8q@privacy.gov.au,Male,37.57.13.116
316,Nikolos,Oles,noles8r@com.com,Male,95.174.110.127
317,Conn,Collough,ccollough8s@noaa.gov,Male,222.181.72.173
318,Christian,Tretter,ctretter8t@uiuc.edu,Male,58.91.122.48
319,Annnora,Leipnik,aleipnik8u@netlog.com,Female,78.236.164.170
320,Sandy,Currum,scurrum8v@blog.com,Male,169.98.85.227
321,Gabriel,Asey,gasey8w@pagesperso-orange.fr,Male,220.44.57.201
322,Georgie,Abbatucci,gabbatucci8x@livejournal.com,Female,145.63.17.135
323,Pamella,Spadaro,pspadaro8y@businessweek.com,Female,212.45.220.121
324,Filip,Jorry,fjorry8z@ebay.com,Male,17.22.205.184
325,Jarvis,Bayliss,jbayliss90@mapy.cz,Male,210.122.51.23
326,Harriott,Robben,hrobben91@boston.com,Female,75.112.118.168
327,Jamal,Abby,jabby92@google.it,Male,76.199.34.171
328,Emmaline,Fruser,efruser93@cbsnews.com,Female,50.253.27.6
329,Helsa,O'Day,hoday94@tamu.edu,Female,68.80.56.92
330,Laraine,Turneux,lturneux95@weather.com,Female,38.69.49.16
331,Sammy,Salvador,ssalvador96@about.me,Male,133.152.72.253
332,Deeanne,Cogdon,dcogdon97@gmpg.org,Female,202.143.67.89
333,Adelaida,McGaugie,amcgaugie98@unicef.org,Female,181.105.95.120
334,Leontine,Collerd,lcollerd99@xinhuanet.com,Female,66.62.177.126
335,Nikola,Towson,ntowson9a@macromedia.com,Male,19.217.211.161
336,Patin,Chitter,pchitter9b@fema.gov,Male,6.23.58.213
337,Ly,Comer,lcomer9c@dot.gov,Male,140.214.20.237
338,Clerkclaude,Johnes,cjohnes9d@amazon.co.uk,Male,254.152.1.40
339,Lonny,Ysson,lysson9e@google.com.au,Male,81.196.120.149
340,Vassili,Dancer,vdancer9f@t.co,Male,235.144.107.11
341,Hilary,Butland,hbutland9g@hugedomains.com,Male,72.130.131.68
342,Templeton,Hickford,thickford9h@kickstarter.com,Male,47.179.107.222
343,Marcia,Grumley,mgrumley9i@bandcamp.com,Female,27.185.77.189
344,Blane,Kisbee,bkisbee9j@seesaa.net,Male,255.33.113.150
345,Arabelle,Wellington,awellington9k@hubpages.com,Female,119.21.144.215
346,Lucienne,Tremellier,ltremellier9l@cargocollective.com,Female,195.142.180.143
347,Hilario,Perfili,hperfili9m@squarespace.com,Male,218.241.18.231
348,Tessy,Denyukhin,tdenyukhin9n@fastcompany.com,Female,62.157.120.106
349,Cherianne,Kuschel,ckuschel9o@hp.com,Female,17.29.77.219
350,Griffie,Raithmill,graithmill9p@examiner.com,Male,227.50.19.149
351,Cyrillus,Bapty,cbapty9q@weather.com,Male,221.62.107.252
352,Daven,Arnley,darnley9r@google.es,Male,238.247.180.54
353,Ada,Capin,acapin9s@exblog.jp,Female,229.177.37.51
354,Edgar,Nani,enani9t@va.gov,Male,167.122.184.91
355,Salmon,Stamps,sstamps9u@example.com,Male,122.200.230.90
356,Tallie,Chupin,tchupin9v@earthlink.net,Male,214.87.93.171
357,Kristy,Antoniottii,kantoniottii9w@amazon.de,Female,194.179.239.1
358,Vin,Peat,vpeat9x@cloudflare.com,Male,120.53.232.75
359,Billi,Lortzing,blortzing9y@t.co,Female,56.213.165.113
360,Marney,Jouanot,mjouanot9z@upenn.edu,Female,179.112.8.169
361,Arthur,Tenpenny,atenpennya0@washingtonpost.com,Male,195.169.3.28
362,Alistair,Cutts,acuttsa1@com.com,Male,253.28.68.118
363,Hermione,Kaygill,hkaygilla2@cdc.gov,Female,148.49.81.208
364,Marco,Curreen,mcurreena3@free.fr,Male,95.88.38.18
365,Terra,Beany,tbeanya4@a8.net,Female,136.142.247.206
366,Hallie,Pethybridge,hpethybridgea5@hubpages.com,Female,79.0.247.239
367,Dalia,Condit,dcondita6@webnode.com,Female,14.200.165.232
368,Willabella,Scrafton,wscraftona7@ocn.ne.jp,Female,179.96.247.155
369,Lawrence,Lumsdall,llumsdalla8@army.mil,Male,187.216.135.228
370,Willy,Marin,wmarina9@smugmug.com,Female,58.15.231.62
371,Tabbie,Vinall,tvinallaa@accuweather.com,Female,168.73.134.158
372,Urson,Alessandrini,ualessandriniab@linkedin.com,Male,239.126.85.192
373,Mignon,Lammert,mlammertac@economist.com,Female,178.216.16.175
374,Caterina,Wermerling,cwermerlingad@msn.com,Female,68.83.88.158
375,Twila,Redon,tredonae@cornell.edu,Female,201.255.167.241
376,Michaella,Comiam,mcomiamaf@lulu.com,Female,175.40.196.14
377,Rafa,Klagge,rklaggeag@discovery.com,Female,21.102.16.208
378,Louise,Ivanonko,livanonkoah@narod.ru,Female,200.252.37.201
379,Alick,O'Duilleain,aoduilleainai@com.com,Male,123.228.74.12
380,Christie,Harrisson,charrissonaj@apache.org,Female,235.222.83.29
381,Philis,Hallstone,phallstoneak@ox.ac.uk,Female,95.158.138.1
382,Tessie,Longstaff,tlongstaffal@thetimes.co.uk,Female,163.29.132.122
383,Iris,Whitehall,iwhitehallam@squarespace.com,Female,77.170.116.187
384,Addy,Thraves,athravesan@newsvine.com,Female,55.161.120.39
385,Gib,Crambie,gcrambieao@independent.co.uk,Male,83.183.23.124
386,Wilburt,Stoak,wstoakap@dropbox.com,Male,42.174.181.235
387,Sutherland,Gruszczak,sgruszczakaq@forbes.com,Male,179.73.156.242
388,Morissa,Gascoyne,mgascoynear@deviantart.com,Female,139.232.156.134
389,Ike,Jaffrey,ijaffreyas@washingtonpost.com,Male,151.82.56.233
390,Guthrie,Matskevich,gmatskevichat@mediafire.com,Male,182.146.82.103
391,Marji,Pressman,mpressmanau@sciencedaily.com,Female,73.182.255.85
392,Seumas,Ferber,sferberav@sakura.ne.jp,Male,79.221.162.1
393,Gypsy,Kalinsky,gkalinskyaw@icio.us,Female,11.197.202.166
394,Grissel,Rosellini,groselliniax@latimes.com,Female,127.39.30.90
395,Dory,Verbrugghen,dverbrugghenay@unicef.org,Female,14.53.121.200
396,Ursulina,Hakking,uhakkingaz@google.de,Female,18.17.193.71
397,Roselia,Juliano,rjulianob0@engadget.com,Female,148.241.75.234
398,Kipp,Nenci,knencib1@over-blog.com,Male,216.176.216.95
399,Penelopa,Jacquet,pjacquetb2@plala.or.jp,Female,212.79.88.103
400,Eleen,Colgrave,ecolgraveb3@canalblog.com,Female,240.2.214.215
401,Vanya,Plume,vplumeb4@skyrock.com,Male,116.58.194.244
402,Arney,Edsall,aedsallb5@ustream.tv,Male,18.68.151.31
403,Carver,Geertsen,cgeertsenb6@reddit.com,Male,134.134.92.98
404,Emlyn,Coare,ecoareb7@yellowbook.com,Male,147.85.163.156
405,Archibaldo,Hackleton,ahackletonb8@java.com,Male,159.86.232.200
406,Fredi,Ferrandez,fferrandezb9@fastcompany.com,Female,16.170.5.131
407,Hussein,Belf,hbelfba@mit.edu,Male,146.37.171.172
408,Benny,McMaster,bmcmasterbb@behance.net,Female,249.24.201.237
409,Lanny,Dugmore,ldugmorebc@chron.com,Female,189.62.98.178
410,Indira,Castellet,icastelletbd@adobe.com,Female,96.168.142.45
411,Reggie,Matschoss,rmatschossbe@ucsd.edu,Male,218.173.9.228
412,Liuka,Cuttles,lcuttlesbf@ftc.gov,Female,0.207.221.176
413,Eamon,Oxley,eoxleybg@hao123.com,Male,74.50.46.46
414,Cassey,O'Hannigan,cohanniganbh@mail.ru,Female,215.18.110.48
415,Omar,Loynes,oloynesbi@rediff.com,Male,44.115.209.255
416,Renata,Duquesnay,rduquesnaybj@aboutads.info,Female,23.132.158.250
417,Chelsea,Boyfield,cboyfieldbk@google.fr,Female,52.127.253.36
418,Giffie,Piccop,gpiccopbl@eventbrite.com,Male,217.113.144.181
419,Arlen,Melrose,amelrosebm@walmart.com,Male,214.173.162.136
420,Kelcey,Twort,ktwortbn@apple.com,Female,184.127.220.24
421,Justen,Daton,jdatonbo@jugem.jp,Male,254.6.53.109
422,Boone,Gaunson,bgaunsonbp@ebay.com,Male,168.161.102.229
423,Sharia,Brodest,sbrodestbq@lulu.com,Female,103.14.225.58
424,Martita,Haacker,mhaackerbr@businesswire.com,Female,200.226.193.127
425,Olga,Faichney,ofaichneybs@samsung.com,Female,96.153.235.240
426,Minna,Simoneschi,msimoneschibt@pcworld.com,Female,64.241.70.222
427,Giusto,Elland,gellandbu@fotki.com,Male,51.10.140.164
428,Berthe,Piggot,bpiggotbv@phpbb.com,Female,247.73.222.43
429,Constanta,Caser,ccaserbw@miibeian.gov.cn,Female,240.69.10.41
430,Harper,Salvage,hsalvagebx@scientificamerican.com,Male,186.140.99.192
431,Alair,Stanborough,astanboroughby@meetup.com,Male,106.48.131.129
432,Thorndike,Maccree,tmaccreebz@amazon.co.jp,Male,83.241.85.157
433,Kania,Rhyme,krhymec0@qq.com,Female,235.19.102.171
434,Clint,Bourthouloume,cbourthouloumec1@edublogs.org,Male,14.78.146.34
435,Mattheus,Ilbert,milbertc2@hexun.com,Male,21.113.25.142
436,Joellyn,Lukasik,jlukasikc3@t.co,Female,145.58.13.43
437,Ferrel,Vedekhov,fvedekhovc4@slashdot.org,Male,27.133.80.133
438,Wynne,Owens,wowensc5@phpbb.com,Female,111.103.69.85
439,Jude,Walne,jwalnec6@scribd.com,Male,111.91.13.128
440,Ira,Pobjay,ipobjayc7@goo.gl,Female,252.1.61.62
441,Elden,Sangster,esangsterc8@geocities.jp,Male,90.215.51.210
442,Petronella,Pashenkov,ppashenkovc9@ihg.com,Female,221.75.13.116
443,Zacharias,Voase,zvoaseca@comcast.net,Male,222.203.227.51
444,Aldus,Graeser,agraesercb@auda.org.au,Male,164.136.104.93
445,Stan,Ghilardini,sghilardinicc@cdc.gov,Male,236.186.56.188
446,Ethelind,Shinfield,eshinfieldcd@tripadvisor.com,Female,14.161.88.71
447,Debee,Issakov,dissakovce@army.mil,Female,204.53.163.77
448,Ellyn,Suthren,esuthrencf@yolasite.com,Female,57.123.172.216
449,Johan,Escolme,jescolmecg@usgs.gov,Male,104.48.122.122
450,Hobie,Mattusevich,hmattusevichch@storify.com,Male,35.158.204.47
451,Melina,Hinckley,mhinckleyci@marketwatch.com,Female,224.122.248.159
452,Emmi,Brandacci,ebrandaccicj@spiegel.de,Female,168.39.214.188
453,Conn,Piborn,cpibornck@chron.com,Male,72.181.246.105
454,Amabel,Culver,aculvercl@harvard.edu,Female,96.219.131.48
455,Fran,Armit,farmitcm@cbc.ca,Female,142.89.14.234
456,Elana,Melsome,emelsomecn@dailymotion.com,Female,27.213.128.59
457,Marena,Smallpeace,msmallpeaceco@toplist.cz,Female,205.240.155.34
458,Hyman,Duer,hduercp@live.com,Male,215.128.27.224
459,Tova,Snowdon,tsnowdoncq@google.it,Female,223.121.131.154
460,Farrel,Fayer,ffayercr@fc2.com,Male,49.148.121.253
461,Ora,Barkaway,obarkawaycs@wunderground.com,Female,32.47.190.163
462,Nicky,Lovekin,nlovekinct@domainmarket.com,Female,22.230.48.66
463,Tadio,Pourvoieur,tpourvoieurcu@ca.gov,Male,18.93.121.223
464,Abagael,Canario,acanariocv@shop-pro.jp,Female,29.202.197.99
465,Rafaelia,Giabuzzi,rgiabuzzicw@opensource.org,Female,168.184.248.110
466,Con,Faldoe,cfaldoecx@rediff.com,Female,173.18.224.162
467,Kristofer,Fabbro,kfabbrocy@ucoz.ru,Male,217.145.5.134
468,Efren,Hannaway,ehannawaycz@creativecommons.org,Male,220.24.4.79
469,Madonna,Rugiero,mrugierod0@independent.co.uk,Female,224.152.227.200
470,Mariele,Lagadu,mlagadud1@xinhuanet.com,Female,218.153.221.252
471,Hall,Scollick,hscollickd2@sciencedirect.com,Male,206.69.148.162
472,Tibold,Cavilla,tcavillad3@engadget.com,Male,115.177.11.199
473,Idalia,Alleway,iallewayd4@vinaora.com,Female,247.8.116.240
474,Link,Lindwall,llindwalld5@ox.ac.uk,Male,227.209.134.212
475,Thane,Juschke,tjuschked6@acquirethisname.com,Male,255.213.55.145
476,Vachel,Arnoult,varnoultd7@bandcamp.com,Male,169.62.30.236
477,Ulla,Caney,ucaneyd8@paginegialle.it,Female,237.70.234.116
478,Levi,McFadyen,lmcfadyend9@opera.com,Male,36.158.234.92
479,Barnard,Farnes,bfarnesda@privacy.gov.au,Male,164.53.116.188
480,Faunie,Holtaway,fholtawaydb@mac.com,Female,17.151.234.177
481,Garrik,Trevear,gtreveardc@zimbio.com,Male,29.10.249.24
482,Fredrick,Burdus,fburdusdd@shinystat.com,Male,185.176.207.147
483,Nealy,Castri,ncastride@nydailynews.com,Male,219.168.60.130
484,Isaiah,Oene,ioenedf@vkontakte.ru,Male,98.116.25.114
485,Anna,Patemore,apatemoredg@nymag.com,Female,152.254.129.95
486,Mariele,Bowne,mbownedh@jiathis.com,Female,211.78.190.20
487,Ally,Lamartine,alamartinedi@cnn.com,Female,46.209.120.45
488,Eustace,Iapico,eiapicodj@umich.edu,Male,189.90.224.245
489,Dorita,Foss,dfossdk@comcast.net,Female,194.7.9.231
490,Paolina,Boddie,pboddiedl@elpais.com,Female,249.179.51.166
491,Peyton,Bresson,pbressondm@cam.ac.uk,Male,144.48.71.12
492,Armand,Mechi,amechidn@exblog.jp,Male,98.94.152.22
493,Johann,Jauncey,jjaunceydo@toplist.cz,Male,26.216.33.65
494,Gunner,Robez,grobezdp@arizona.edu,Male,148.58.30.3
495,Dru,Lewry,dlewrydq@senate.gov,Female,248.97.118.179
496,Brandi,Rive,brivedr@mac.com,Female,120.248.165.208
497,Cecil,Bello,cbellods@soundcloud.com,Female,176.165.236.255
498,Rickie,Train,rtraindt@flickr.com,Female,157.138.226.189
499,Anastasie,Pagelsen,apagelsendu@1und1.de,Female,189.144.171.238
500,Donnajean,Klehyn,dklehyndv@networkadvertising.org,Female,163.208.177.80
501,Kare,Benoi,kbenoidw@domainmarket.com,Female,116.227.189.123
502,Ivett,Floyed,ifloyeddx@tinyurl.com,Female,26.221.150.169
503,Teddie,Plitz,tplitzdy@wsj.com,Female,203.38.184.211
504,Letta,Maly,lmalydz@storify.com,Female,110.172.252.154
505,Nessie,Wrassell,nwrasselle0@wikimedia.org,Female,27.182.88.3
506,Maddie,Sapsforde,msapsfordee1@seesaa.net,Male,125.123.212.214
507,D'arcy,Brugsma,dbrugsmae2@bigcartel.com,Male,249.61.52.73
508,Bertina,Hutcheons,bhutcheonse3@com.com,Female,121.82.75.111
509,Darnell,Weems,dweemse4@discovery.com,Male,218.159.219.170
510,Tallou,Drescher,tdreschere5@army.mil,Female,48.196.34.215
511,Mike,Tolley,mtolleye6@harvard.edu,Male,152.21.255.98
512,Rori,Smullin,rsmulline7@microsoft.com,Female,107.161.244.221
513,Tedie,Shillabeare,tshillabearee8@tmall.com,Male,221.77.162.157
514,Giffie,Lackney,glackneye9@businesswire.com,Male,247.113.125.60
515,Allen,Niesel,anieselea@cnbc.com,Male,183.114.207.178
516,Merell,Keating,mkeatingeb@goo.ne.jp,Male,139.170.120.119
517,Crystal,Truman,ctrumanec@theguardian.com,Female,29.120.61.173
518,Warden,Blabey,wblabeyed@netvibes.com,Male,174.36.119.120
519,Barrie,Waud,bwaudee@admin.ch,Male,253.5.142.176
520,Cal,Todarello,ctodarelloef@dagondesign.com,Female,47.253.178.152
521,Francisca,Dawber,fdawbereg@cnbc.com,Female,152.1.189.214
522,Justine,Colleford,jcollefordeh@lycos.com,Female,184.77.178.131
523,Juanita,Skerme,jskermeei@pcworld.com,Female,130.102.138.18
524,Ellynn,Berndtssen,eberndtssenej@cafepress.com,Female,83.4.107.116
525,Claire,Rowthorn,crowthornek@house.gov,Male,247.217.196.84
526,Chaddie,Doughton,cdoughtonel@guardian.co.uk,Male,175.138.204.127
527,Brendon,Rankin,brankinem@pen.io,Male,209.176.6.179
528,Rowena,Deinhard,rdeinharden@opera.com,Female,93.83.167.218
529,Christa,Tryhorn,ctryhorneo@printfriendly.com,Female,246.163.139.75
530,Pearl,Lamort,plamortep@t-online.de,Female,139.169.253.120
531,Kamillah,Colegate,kcolegateeq@wordpress.com,Female,245.124.185.16
532,Amandy,Hutcheon,ahutcheoner@eepurl.com,Female,98.52.211.74
533,Tommy,Gaish,tgaishes@joomla.org,Female,88.184.208.217
534,Lorna,Enderwick,lenderwicket@ow.ly,Female,170.92.79.22
535,Natala,O'Moylane,nomoylaneeu@github.com,Female,58.142.137.165
536,Alberto,Cotilard,acotilardev@artisteer.com,Male,86.86.97.5
537,Leda,Walaron,lwalaronew@gravatar.com,Female,246.40.164.216
538,Jobina,Gillings,jgillingsex@reverbnation.com,Female,254.153.8.61
539,Arlie,Belford,abelfordey@dropbox.com,Female,151.205.132.225
540,Emylee,Ollington,eollingtonez@gmpg.org,Female,124.232.16.152
541,Sky,Fyfield,sfyfieldf0@nsw.gov.au,Male,228.239.110.110
542,Leigh,Boyan,lboyanf1@altervista.org,Female,67.97.10.103
543,Dennie,Moreinu,dmoreinuf2@360.cn,Male,193.181.147.244
544,Bryan,Firsby,bfirsbyf3@narod.ru,Male,121.182.125.249
545,Christabel,Ballham,cballhamf4@webs.com,Female,9.171.164.238
546,Merrie,Tallach,mtallachf5@smh.com.au,Female,29.81.160.254
547,Dorry,Treadgold,dtreadgoldf6@reference.com,Female,213.78.124.199
548,Twyla,Bosch,tboschf7@ifeng.com,Female,32.164.27.76
549,Casandra,Levay,clevayf8@apple.com,Female,153.136.59.44
550,Xavier,Roggeman,xroggemanf9@google.co.jp,Male,173.135.21.92
551,Tannie,Danhel,tdanhelfa@photobucket.com,Male,90.122.149.81
552,Rogerio,Worsam,rworsamfb@lycos.com,Male,239.209.173.3
553,Ambrosius,Steeden,asteedenfc@ted.com,Male,160.82.110.163
554,Shep,Wickmann,swickmannfd@mapquest.com,Male,13.89.176.25
555,Kessia,Montier,kmontierfe@altervista.org,Female,86.24.35.33
556,Cahra,Jarritt,cjarrittff@marriott.com,Female,152.104.230.58
557,Meghan,Albarez,malbarezfg@dion.ne.jp,Female,56.143.47.87
558,Laurie,Duchateau,lduchateaufh@noaa.gov,Male,36.192.153.104
559,Nikos,Housley,nhousleyfi@go.com,Male,114.6.177.24
560,Edgar,Blodgett,eblodgettfj@amazon.de,Male,52.31.107.196
561,Lucky,Torricina,ltorricinafk@bigcartel.com,Female,82.116.173.79
562,Hamlen,Puxley,hpuxleyfl@google.cn,Male,116.108.29.60
563,Perice,Broxholme,pbroxholmefm@addtoany.com,Male,245.192.92.117
564,Farley,Dackombe,fdackombefn@t.co,Male,132.166.36.58
565,Cully,Bediss,cbedissfo@github.io,Male,202.149.152.130
566,Caz,McDonell,cmcdonellfp@walmart.com,Male,219.76.113.182
567,Palm,Krienke,pkrienkefq@ow.ly,Male,233.223.102.183
568,Wini,McGrane,wmcgranefr@posterous.com,Female,136.82.124.93
569,Cloe,Coxen,ccoxenfs@yahoo.co.jp,Female,114.183.198.203
570,Tom,Abadam,tabadamft@exblog.jp,Male,6.126.252.6
571,Husain,Tudor,htudorfu@about.me,Male,21.23.63.150
572,Dierdre,Ditzel,dditzelfv@blinklist.com,Female,142.181.249.249
573,Ulrike,Sekulla,usekullafw@businessweek.com,Female,142.185.244.45
574,Shannen,Whitlaw,swhitlawfx@dailymail.co.uk,Female,40.124.190.68
575,Karolina,Gimenez,kgimenezfy@youku.com,Female,26.63.236.126
576,Terrijo,Chance,tchancefz@simplemachines.org,Female,192.186.214.18
577,Norrie,Antoniewicz,nantoniewiczg0@tiny.cc,Female,109.70.30.221
578,Bastien,Solon,bsolong1@tripod.com,Male,124.205.157.54
579,Jewell,Tansley,jtansleyg2@flavors.me,Female,242.10.192.137
580,Cherrita,Bulmer,cbulmerg3@squidoo.com,Female,107.14.183.97
581,Rupert,Cahalin,rcahaling4@simplemachines.org,Male,10.92.2.103
582,Jakie,Oak,joakg5@shinystat.com,Male,167.64.114.122
583,Redd,Loft,rloftg6@cdc.gov,Male,238.245.112.131
584,Moselle,Parriss,mparrissg7@discovery.com,Female,80.170.162.169
585,Courtnay,Dahmke,cdahmkeg8@microsoft.com,Male,104.145.210.230
586,Pren,Cossins,pcossinsg9@columbia.edu,Male,126.62.115.155
587,Lexi,Southcott,lsouthcottga@nytimes.com,Female,235.96.164.14
588,Stephannie,Wortman,swortmangb@163.com,Female,237.47.136.149
589,Madelle,Pentercost,mpentercostgc@earthlink.net,Female,134.215.90.203
590,Tucker,Spat,tspatgd@constantcontact.com,Male,172.148.68.59
591,Karissa,Setter,ksetterge@paypal.com,Female,46.59.25.58
592,Erik,Tiley,etileygf@tinypic.com,Male,87.105.134.190
593,Rosabel,Irving,rirvinggg@twitpic.com,Female,201.99.56.64
594,Gracia,Grim,ggrimgh@hao123.com,Female,183.76.181.12
595,Goraud,Duddle,gduddlegi@europa.eu,Male,54.191.41.46
596,Bibi,Mangeot,bmangeotgj@arstechnica.com,Female,20.69.122.208
597,Barty,Francesco,bfrancescogk@prlog.org,Male,189.206.107.238
598,Tammi,Chaffe,tchaffegl@gravatar.com,Female,169.87.252.58
599,Kathleen,Bever,kbevergm@live.com,Female,27.129.11.236
600,Elene,Britee,ebriteegn@cyberchimps.com,Female,152.54.163.219
601,Mano,Halpeine,mhalpeinego@sphinn.com,Male,10.181.86.131
602,Anabelle,Kupper,akuppergp@auda.org.au,Female,130.238.45.27
603,Derry,Rain,draingq@i2i.jp,Male,219.158.166.252
604,Zebulon,Bartlam,zbartlamgr@discuz.net,Male,0.80.87.51
605,Thomas,Bittlestone,tbittlestonegs@berkeley.edu,Male,240.207.8.97
606,Jelene,Compfort,jcompfortgt@upenn.edu,Female,217.66.86.235
607,Evangelin,Dinan,edinangu@jimdo.com,Female,201.146.244.155
608,Stevena,O'Sherin,sosheringv@vistaprint.com,Female,194.184.100.90
609,Carmon,Dawbury,cdawburygw@slashdot.org,Female,115.29.218.201
610,Jonathon,Ninnoli,jninnoligx@ycombinator.com,Male,97.120.90.215
611,Markus,McDonald,mmcdonaldgy@bandcamp.com,Male,2.197.235.160
612,Tedie,De La Coste,tdelacostegz@hatena.ne.jp,Male,55.13.84.123
613,Remington,Dollimore,rdollimoreh0@typepad.com,Male,23.226.157.142
614,Ariela,Skowcraft,askowcrafth1@fotki.com,Female,110.216.196.139
615,Tiler,Rogan,troganh2@go.com,Male,58.173.221.104
616,Hortensia,Roycroft,hroycrofth3@e-recht24.de,Female,163.136.174.163
617,Herrick,Driffe,hdriffeh4@youku.com,Male,247.84.66.201
618,August,Barde,abardeh5@reuters.com,Male,24.169.154.178
619,Dominique,Eam,deamh6@barnesandnoble.com,Male,229.184.221.166
620,Karlyn,Klimowicz,kklimowiczh7@hp.com,Female,216.151.118.228
621,Munmro,Crosfeld,mcrosfeldh8@state.tx.us,Male,132.210.178.248
622,Wright,Jeroch,wjerochh9@accuweather.com,Male,136.48.197.54
623,Major,Clemintoni,mclemintoniha@github.io,Male,79.77.160.252
624,Nikola,Jervis,njervishb@wiley.com,Male,201.206.89.122
625,Lydia,Eckly,lecklyhc@list-manage.com,Female,245.70.52.197
626,Ernesta,Oliff,eoliffhd@wunderground.com,Female,72.202.250.106
627,Balduin,Dubique,bdubiquehe@omniture.com,Male,76.31.8.180
628,Osbourne,Onions,oonionshf@miitbeian.gov.cn,Male,49.171.202.18
629,Boyce,Gershom,bgershomhg@senate.gov,Male,109.43.53.156
630,Richard,Butt Gow,rbuttgowhh@jugem.jp,Male,213.39.134.11
631,Hayyim,Sutheran,hsutheranhi@mapy.cz,Male,34.135.61.46
632,Myrlene,Croasdale,mcroasdalehj@sakura.ne.jp,Female,175.194.162.198
633,Lucio,Duetschens,lduetschenshk@discuz.net,Male,87.161.16.161
634,Bernice,Collcutt,bcollcutthl@typepad.com,Female,184.141.180.178
635,Herrick,Hartmann,hhartmannhm@wp.com,Male,129.87.235.9
636,Leonerd,Saban,lsabanhn@netvibes.com,Male,21.81.116.167
637,Fons,Goodsir,fgoodsirho@paypal.com,Male,101.59.2.206
638,Lyndel,Grimditch,lgrimditchhp@google.nl,Female,112.165.89.170
639,Bruis,Colisbe,bcolisbehq@ted.com,Male,251.5.114.175
640,Janey,O'Deegan,jodeeganhr@hc360.com,Female,90.215.1.215
641,Victoir,Bruty,vbrutyhs@facebook.com,Male,96.166.123.155
642,Wylma,McLucky,wmcluckyht@google.com.hk,Female,225.118.186.43
643,Cherish,Rankine,crankinehu@pagesperso-orange.fr,Female,166.138.26.94
644,Raddie,Isakowicz,risakowiczhv@upenn.edu,Male,198.107.85.196
645,Jobina,Beardsall,jbeardsallhw@soundcloud.com,Female,149.167.104.161
646,Brien,Capaldo,bcapaldohx@freewebs.com,Male,37.223.201.47
647,Shaughn,McIllrick,smcillrickhy@mozilla.org,Male,139.43.199.220
648,Sibbie,Baignard,sbaignardhz@over-blog.com,Female,12.115.24.88
649,Maxy,Stiant,mstianti0@qq.com,Female,236.82.63.90
650,Dewie,Bartolomeo,dbartolomeoi1@yelp.com,Male,214.176.147.141
651,Reuven,Measham,rmeashami2@omniture.com,Male,47.165.205.119
652,Yettie,Readshaw,yreadshawi3@meetup.com,Female,130.18.65.10
653,Jerry,Ludovico,jludovicoi4@washington.edu,Male,166.156.26.83
654,Jane,Fuzzard,jfuzzardi5@alexa.com,Female,211.231.17.158
655,Ruth,Eleshenar,releshenari6@skyrock.com,Female,5.212.228.141
656,Mariska,Mullin,mmullini7@opensource.org,Female,37.188.122.215
657,Manny,Swyre,mswyrei8@skyrock.com,Male,200.82.228.115
658,Lee,Dakers,ldakersi9@yolasite.com,Female,167.189.91.47
659,Fraze,Fawlks,ffawlksia@scribd.com,Male,31.78.65.116
660,Aleda,Kunkler,akunklerib@dedecms.com,Female,245.235.176.81
661,Averyl,Mistry,amistryic@narod.ru,Female,160.199.101.254
662,Romeo,Duckerin,rduckerinid@washingtonpost.com,Male,169.173.122.73
663,Cher,Peterken,cpeterkenie@addthis.com,Female,69.80.42.109
664,Marleah,Haddick,mhaddickif@state.gov,Female,127.93.201.135
665,Harmonie,Pidler,hpidlerig@google.cn,Female,201.191.196.13
666,Glenn,Hatterslay,ghatterslayih@columbia.edu,Male,114.185.37.22
667,Jonas,Patemore,jpatemoreii@t-online.de,Male,133.238.7.146
668,Gilberte,Lief,gliefij@soundcloud.com,Female,169.84.198.90
669,Ly,Foynes,lfoynesik@lulu.com,Male,150.169.78.43
670,Robin,McKeevers,rmckeeversil@macromedia.com,Male,40.21.80.158
671,Jillane,Bryers,jbryersim@hc360.com,Female,163.229.191.113
672,Demetris,Doodson,ddoodsonin@webmd.com,Male,96.210.108.9
673,Margalit,Houlaghan,mhoulaghanio@oaic.gov.au,Female,63.60.245.83
674,Tirrell,Lilleman,tlillemanip@uol.com.br,Male,30.134.43.235
675,Fulvia,Kordt,fkordtiq@hostgator.com,Female,181.135.231.27
676,Konrad,Northcott,knorthcottir@meetup.com,Male,116.153.149.202
677,Frederic,Merkel,fmerkelis@1und1.de,Male,182.195.63.143
678,Phyllida,Hissie,phissieit@amazonaws.com,Female,48.1.228.33
679,Melanie,Notton,mnottoniu@123-reg.co.uk,Female,166.135.94.149
680,Oona,Friskey,ofriskeyiv@miibeian.gov.cn,Female,67.152.84.85
681,Bernardine,Chevalier,bchevalieriw@storify.com,Female,248.153.218.150
682,Xever,Govey,xgoveyix@sfgate.com,Male,59.133.248.64
683,Robinia,Triner,rtrineriy@fda.gov,Female,90.117.245.232
684,Byron,Meech,bmeechiz@paypal.com,Male,38.160.14.177
685,Rickey,Marousek,rmarousekj0@woothemes.com,Male,216.61.67.196
686,Timi,Aizikovitz,taizikovitzj1@sfgate.com,Female,90.81.58.31
687,Alexei,Wiszniewski,awiszniewskij2@ebay.com,Male,81.37.81.213
688,Tann,O'Brian,tobrianj3@ucsd.edu,Male,241.227.183.231
689,Alexine,Pahl,apahlj4@addtoany.com,Female,251.90.230.128
690,Carlin,Mattin,cmattinj5@ask.com,Male,17.198.186.17
691,Dion,Swinden,dswindenj6@de.vu,Female,234.29.7.68
692,Brit,Keeves,bkeevesj7@mediafire.com,Female,217.178.209.97
693,Charla,Pogg,cpoggj8@pinterest.com,Female,11.112.101.228
694,Drud,Dyter,ddyterj9@edublogs.org,Male,135.144.191.179
695,Merilyn,Luparto,mlupartoja@bing.com,Female,161.177.184.195
696,Chrysler,Tupp,ctuppjb@netlog.com,Female,165.237.20.250
697,Ker,Knyvett,kknyvettjc@ebay.co.uk,Male,41.125.2.71
698,Alvinia,Rolingson,arolingsonjd@cloudflare.com,Female,54.184.54.101
699,Shelbi,Cawdell,scawdellje@hostgator.com,Female,123.182.144.211
700,Ber,McGeagh,bmcgeaghjf@reverbnation.com,Male,73.168.54.241
701,Wilma,Breewood,wbreewoodjg@smugmug.com,Female,28.152.115.112
702,Donnajean,Aynold,daynoldjh@artisteer.com,Female,242.72.7.251
703,Germayne,Roback,grobackji@mozilla.com,Male,233.114.75.68
704,Gustavus,Rebanks,grebanksjj@samsung.com,Male,210.163.28.252
705,Atlanta,Koene,akoenejk@smugmug.com,Female,216.72.108.147
706,Nevin,Pettersen,npettersenjl@bing.com,Male,80.58.36.100
707,Wait,Ofer,woferjm@dyndns.org,Male,122.44.97.20
708,Bram,Escreet,bescreetjn@miitbeian.gov.cn,Male,150.178.130.105
709,Darrell,Beart,dbeartjo@upenn.edu,Male,118.65.51.156
710,Leslie,Waliszewski,lwaliszewskijp@booking.com,Male,156.251.40.213
711,Ode,Ineson,oinesonjq@e-recht24.de,Male,207.247.233.66
712,Marlo,Winfindale,mwinfindalejr@bbc.co.uk,Female,18.109.243.175
713,Shawn,Wesgate,swesgatejs@cbslocal.com,Male,7.113.190.244
714,Seamus,Carff,scarffjt@opensource.org,Male,120.138.185.28
715,Jacenta,Aliberti,jalibertiju@walmart.com,Female,67.114.224.58
716,Quintin,Allwood,qallwoodjv@studiopress.com,Male,98.147.122.235
717,Renault,Ebhardt,rebhardtjw@163.com,Male,70.174.16.114
718,Elita,Bree,ebreejx@vimeo.com,Female,193.154.170.199
719,Dale,Pietz,dpietzjy@ustream.tv,Male,185.7.37.89
720,Leoline,des Remedios,ldesremediosjz@shareasale.com,Female,17.192.56.145
721,Rog,Springthorp,rspringthorpk0@nydailynews.com,Male,237.10.206.126
722,Holli,Scanlin,hscanlink1@stumbleupon.com,Female,210.99.151.175
723,Derwin,Walbrook,dwalbrookk2@usatoday.com,Male,218.18.194.40
724,Boothe,De Vaar,bdevaark3@yale.edu,Male,186.19.78.172
725,Otha,Jackalin,ojackalink4@utexas.edu,Female,232.107.152.46
726,Lavinia,Andrea,landreak5@disqus.com,Female,30.208.15.184
727,Kippar,Chick,kchickk6@etsy.com,Male,184.22.66.144
728,Rafaello,Tomasek,rtomasekk7@home.pl,Male,84.72.153.3
729,Redd,Jerdan,rjerdank8@wordpress.org,Male,142.113.113.172
730,Laurice,Halso,lhalsok9@gov.uk,Female,242.163.186.155
731,Herschel,Issit,hissitka@oaic.gov.au,Male,121.191.164.107
732,Simon,Grewcock,sgrewcockkb@lulu.com,Male,248.117.99.217
733,Ax,La Torre,alatorrekc@craigslist.org,Male,188.69.157.126
734,Jan,Sherebrooke,jsherebrookekd@cmu.edu,Male,234.196.12.6
735,Teodoor,Lorne,tlorneke@about.com,Male,166.138.4.84
736,Paolo,Doul,pdoulkf@fda.gov,Male,87.166.164.208
737,Orrin,Pedroli,opedrolikg@loc.gov,Male,42.218.112.108
738,Danni,Belli,dbellikh@digg.com,Female,201.5.239.107
739,Ailina,Bakeup,abakeupki@google.co.jp,Female,63.252.101.26
740,Ashla,Chumley,achumleykj@stanford.edu,Female,138.207.79.193
741,Hagan,Daout,hdaoutkk@samsung.com,Male,59.224.116.86
742,Bobbette,Ivankov,bivankovkl@cpanel.net,Female,109.187.167.136
743,Chlo,Lindenberg,clindenbergkm@deviantart.com,Female,242.64.255.22
744,Lesley,Mughal,lmughalkn@vk.com,Male,231.107.138.105
745,Andie,Grigorian,agrigorianko@upenn.edu,Male,169.178.151.114
746,Nahum,Readie,nreadiekp@so-net.ne.jp,Male,22.21.121.125
747,Molly,Milbank,mmilbankkq@washingtonpost.com,Female,91.133.184.107
748,Lettie,Lugden,llugdenkr@fema.gov,Female,155.225.232.207
749,Dante,Risby,drisbyks@ameblo.jp,Male,161.107.92.113
750,Addy,Shergill,ashergillkt@people.com.cn,Female,150.126.64.22
751,Vaughan,Conradie,vconradieku@mayoclinic.com,Male,163.37.238.48
752,Crissy,Le Frank,clefrankkv@feedburner.com,Female,42.195.233.194
753,Anatol,Basten,abastenkw@home.pl,Male,155.77.127.38
754,Ahmed,Kisbey,akisbeykx@ustream.tv,Male,12.38.188.36
755,Gradey,Strotone,gstrotoneky@prlog.org,Male,149.118.215.215
756,Charley,Calan,ccalankz@macromedia.com,Male,103.138.160.81
757,Saree,Middlemiss,smiddlemissl0@acquirethisname.com,Female,175.183.122.72
758,Ase,Beswetherick,abeswetherickl1@sourceforge.net,Male,242.84.0.229
759,Eve,Boobyer,eboobyerl2@samsung.com,Female,115.181.46.97
760,Karl,Maffey,kmaffeyl3@bloglovin.com,Male,153.175.115.249
761,Rock,Coull,rcoulll4@seesaa.net,Male,57.249.193.169
762,Courtenay,Tingly,ctinglyl5@yolasite.com,Female,172.52.90.108
763,Isaiah,Pryke,iprykel6@huffingtonpost.com,Male,217.212.106.33
764,Juieta,Lawrence,jlawrencel7@yahoo.co.jp,Female,77.123.102.226
765,Venita,Dreus,vdreusl8@seattletimes.com,Female,28.138.45.174
766,Kirbie,Bridgewater,kbridgewaterl9@google.pl,Female,39.161.125.25
767,Northrop,MacNelly,nmacnellyla@bbc.co.uk,Male,62.114.36.126
768,Rosie,Dunderdale,rdunderdalelb@intel.com,Female,21.206.14.203
769,Olivier,Dziwisz,odziwiszlc@t.co,Male,181.176.100.116
770,Shayla,Kynd,skyndld@instagram.com,Female,31.179.104.215
771,Scarlett,Salvadori,ssalvadorile@rambler.ru,Female,12.82.6.83
772,Mart,Kosiada,mkosiadalf@chicagotribune.com,Male,236.210.88.218
773,Raimund,Klimushev,rklimushevlg@upenn.edu,Male,162.41.84.255
774,Munmro,Cristofalo,mcristofalolh@scribd.com,Male,245.220.6.24
775,Fields,Norcross,fnorcrossli@w3.org,Male,165.75.73.110
776,Lilia,Ashwell,lashwelllj@naver.com,Female,31.65.10.148
777,Eveleen,Clac,eclaclk@studiopress.com,Female,3.241.94.226
778,Marrilee,Syversen,msyversenll@examiner.com,Female,212.17.75.67
779,Chelsey,Lodovichi,clodovichilm@irs.gov,Female,53.172.214.77
780,Emily,Straun,estraunln@foxnews.com,Female,118.231.31.17
781,Lydon,MacCaughey,lmaccaugheylo@ezinearticles.com,Male,79.136.179.7
782,Ninnette,Whales,nwhaleslp@constantcontact.com,Female,217.202.45.239
783,Benedikt,Stembridge,bstembridgelq@reverbnation.com,Male,172.160.140.242
784,Lin,Parnham,lparnhamlr@paypal.com,Male,53.40.216.160
785,Lezlie,Salvin,lsalvinls@pen.io,Female,124.180.230.27
786,Sascha,Breinl,sbreinllt@amazon.com,Female,31.155.182.55
787,Mirabella,Limeburn,mlimeburnlu@howstuffworks.com,Female,70.43.213.245
788,Carree,Crocombe,ccrocombelv@mashable.com,Female,50.213.115.254
789,Darby,Kalf,dkalflw@google.co.uk,Male,58.177.25.149
790,Jule,Lukock,jlukocklx@sourceforge.net,Male,177.128.155.74
791,Kathrine,Rotge,krotgely@weather.com,Female,176.218.169.145
792,Morten,Hansley,mhansleylz@utexas.edu,Male,111.172.133.235
793,Dedie,Guiot,dguiotm0@ed.gov,Female,108.242.164.62
794,Robert,Jaques,rjaquesm1@gravatar.com,Male,232.115.174.165
795,Ephrem,Klaves,eklavesm2@xing.com,Male,139.56.57.187
796,Myrle,Stailey,mstaileym3@hao123.com,Female,46.173.244.229
797,Pren,Lowery,plowerym4@csmonitor.com,Male,11.85.54.210
798,Jodie,De Gouy,jdegouym5@vk.com,Female,12.186.103.220
799,Alon,MacCoughen,amaccoughenm6@opensource.org,Male,243.39.56.225
800,Ernaline,Gagen,egagenm7@oakley.com,Female,90.211.8.195
801,Jere,MacFaell,jmacfaellm8@bravesites.com,Male,237.182.10.82
802,Gwynne,Alston,galstonm9@bloglovin.com,Female,86.28.243.19
803,Nollie,McFaul,nmcfaulma@merriam-webster.com,Male,60.127.136.57
804,Hesther,O'Rourke,horourkemb@delicious.com,Female,216.245.113.107
805,Mehetabel,Carleman,mcarlemanmc@opera.com,Female,226.231.37.167
806,Clem,Scalera,cscaleramd@webs.com,Male,38.17.181.247
807,Henrie,Jerrolt,hjerroltme@zimbio.com,Female,217.24.198.171
808,Eliot,Riby,eribymf@examiner.com,Male,128.144.141.109
809,Humbert,Hadlow,hhadlowmg@cbc.ca,Male,31.117.34.192
810,Towny,Kneeland,tkneelandmh@hhs.gov,Male,212.200.115.132
811,Abbott,Aronow,aaronowmi@multiply.com,Male,71.116.103.161
812,Percival,Lamball,plamballmj@clickbank.net,Male,118.209.140.245
813,Forrest,Qusklay,fqusklaymk@ed.gov,Male,50.200.216.241
814,Bennie,Ellerton,bellertonml@upenn.edu,Female,150.36.128.156
815,Cherlyn,Heindl,cheindlmm@is.gd,Female,240.23.4.209
816,Ernaline,Hordell,ehordellmn@bandcamp.com,Female,21.106.95.137
817,Bethany,Bouldon,bbouldonmo@biblegateway.com,Female,193.55.251.94
818,Brant,Cammis,bcammismp@washingtonpost.com,Male,176.0.145.198
819,Krista,Ellam,kellammq@acquirethisname.com,Female,154.149.57.95
820,Ivonne,Nockalls,inockallsmr@engadget.com,Female,86.131.109.60
821,Rahal,Verheijden,rverheijdenms@hp.com,Female,79.238.162.12
822,Bella,Jeyes,bjeyesmt@ft.com,Female,200.82.45.234
823,Mortimer,O'Fallon,mofallonmu@wp.com,Male,220.225.19.187
824,Coral,Djuricic,cdjuricicmv@cnet.com,Female,193.95.72.130
825,Brandie,Barlas,bbarlasmw@wordpress.org,Female,26.144.159.23
826,Nickolai,Ullett,nullettmx@symantec.com,Male,131.81.189.123
827,Sherwin,Suthworth,ssuthworthmy@sciencedirect.com,Male,168.211.202.213
828,Adan,Gartland,agartlandmz@soundcloud.com,Male,243.42.142.159
829,Rubetta,Kuschel,rkuscheln0@samsung.com,Female,168.4.186.33
830,Maxwell,Corkett,mcorkettn1@symantec.com,Male,39.183.100.168
831,Culver,Larsen,clarsenn2@wordpress.com,Male,116.187.22.248
832,Adorne,Jordison,ajordisonn3@vistaprint.com,Female,102.187.221.116
833,Terese,Tenney,ttenneyn4@symantec.com,Female,101.221.123.239
834,Bartolomeo,Crocetto,bcrocetton5@squidoo.com,Male,240.43.70.127
835,Deerdre,Tidmarsh,dtidmarshn6@ucla.edu,Female,174.56.116.162
836,Ulla,Daughtrey,udaughtreyn7@nydailynews.com,Female,47.32.67.135
837,Keelby,Brussell,kbrusselln8@latimes.com,Male,99.166.239.68
838,Alisa,Allanby,aallanbyn9@telegraph.co.uk,Female,25.74.0.113
839,Clarey,Hagart,chagartna@technorati.com,Female,35.128.211.147
840,Torin,Kentish,tkentishnb@mapy.cz,Male,74.6.128.167
841,Ruperto,Earey,reareync@wufoo.com,Male,145.104.145.69
842,Roselle,Hum,rhumnd@cbc.ca,Female,245.107.103.233
843,Marielle,Ianne,miannene@cyberchimps.com,Female,216.145.248.96
844,Lexi,Haggis,lhaggisnf@exblog.jp,Female,141.128.77.34
845,Darill,Dymoke,ddymokeng@ebay.com,Male,98.85.241.94
846,Ruddie,Sidney,rsidneynh@rambler.ru,Male,107.217.122.169
847,Maegan,Konneke,mkonnekeni@seesaa.net,Female,91.209.77.113
848,Jannel,Wasbey,jwasbeynj@wp.com,Female,121.105.189.161
849,Dame,Wintour,dwintournk@fema.gov,Male,82.76.165.94
850,Emmi,Merredy,emerredynl@disqus.com,Female,202.22.211.204
851,Cassandre,Lathaye,clathayenm@wiley.com,Female,14.69.33.30
852,Brigida,Milesop,bmilesopnn@nih.gov,Female,77.16.204.138
853,Taber,Gunson,tgunsonno@imageshack.us,Male,109.119.246.66
854,Abbey,Shay,ashaynp@elegantthemes.com,Male,32.246.224.13
855,Isiahi,Prosch,iproschnq@dyndns.org,Male,106.203.11.138
856,Timmie,Behnen,tbehnennr@kickstarter.com,Male,118.212.35.209
857,Krishna,Juorio,kjuorions@godaddy.com,Male,247.185.104.71
858,Bobine,Jelk,bjelknt@mapquest.com,Female,3.90.106.146
859,Joachim,McOwen,jmcowennu@columbia.edu,Male,11.8.122.214
860,Boycey,Jenken,bjenkennv@barnesandnoble.com,Male,188.185.240.191
861,Ugo,Duddan,ududdannw@jimdo.com,Male,249.119.192.183
862,Justin,Fray,jfraynx@ow.ly,Male,102.198.151.216
863,Nedda,Olufsen,nolufsenny@icq.com,Female,223.92.67.122
864,Tadd,Harby,tharbynz@chron.com,Male,30.205.207.200
865,Averil,Nestle,anestleo0@yellowbook.com,Female,158.244.211.120
866,Konrad,Skeene,kskeeneo1@ask.com,Male,74.209.132.136
867,Gwenneth,Janning,gjanningo2@narod.ru,Female,153.242.245.238
868,Englebert,Hesey,eheseyo3@stumbleupon.com,Male,158.226.102.171
869,Tonie,Brigshaw,tbrigshawo4@ezinearticles.com,Female,182.251.1.143
870,Khalil,Abadam,kabadamo5@de.vu,Male,235.163.230.224
871,Roman,Gradley,rgradleyo6@tumblr.com,Male,169.250.19.75
872,Queenie,Bullers,qbullerso7@squidoo.com,Female,129.70.82.229
873,Constantino,Golson,cgolsono8@independent.co.uk,Male,86.68.148.32
874,Feliks,McKendry,fmckendryo9@sfgate.com,Male,255.122.144.245
875,Haydon,Roffe,hroffeoa@hubpages.com,Male,170.73.149.109
876,Marylou,Leates,mleatesob@topsy.com,Female,243.219.155.174
877,Carrissa,Bunch,cbunchoc@4shared.com,Female,67.110.44.63
878,Rowe,M'Barron,rmbarronod@bloglines.com,Female,163.142.195.252
879,Allard,Renne,arenneoe@ehow.com,Male,172.180.189.247
880,Rickert,Emmert,remmertof@google.pl,Male,75.157.7.17
881,Westbrooke,Counsell,wcounsellog@nytimes.com,Male,159.186.75.186
882,Leeann,Alfuso,lalfusooh@vimeo.com,Female,10.188.15.240
883,Sari,Fielden,sfieldenoi@printfriendly.com,Female,251.190.102.132
884,Delphine,Trathen,dtrathenoj@shinystat.com,Female,143.21.160.236
885,Sallyann,Dy,sdyok@newyorker.com,Female,38.68.68.40
886,Grove,Nigh,gnighol@phpbb.com,Male,133.89.78.107
887,Kev,Lampl,klamplom@nih.gov,Male,48.205.244.135
888,Laurens,Haselup,lhaselupon@skyrock.com,Male,56.189.105.98
889,Will,Eblein,webleinoo@fda.gov,Male,27.200.158.13
890,Augustine,Franc,afrancop@forbes.com,Male,239.28.7.236
891,Chauncey,Pellingar,cpellingaroq@tuttocitta.it,Male,198.65.99.153
892,Lionello,Sowrah,lsowrahor@networksolutions.com,Male,241.120.136.176
893,Seth,Kennerknecht,skennerknechtos@dropbox.com,Male,147.225.44.218
894,Xerxes,Sollom,xsollomot@adobe.com,Male,222.96.215.174
895,Hank,Kraut,hkrautou@sfgate.com,Male,79.8.26.224
896,Wendel,Greensted,wgreenstedov@si.edu,Male,25.105.31.115
897,Adham,Helin,ahelinow@squidoo.com,Male,42.173.197.120
898,Jocelyne,Salvadore,jsalvadoreox@mit.edu,Female,39.68.137.135
899,Verine,Reolfi,vreolfioy@slate.com,Female,4.14.2.158
900,Cullie,Shillitoe,cshillitoeoz@topsy.com,Male,185.216.236.129
901,Olvan,Eicheler,oeichelerp0@digg.com,Male,102.58.249.244
902,Katlin,Parlot,kparlotp1@ted.com,Female,222.85.83.37
903,Randolf,Tippings,rtippingsp2@people.com.cn,Male,236.219.198.186
904,Gerianna,Melsom,gmelsomp3@exblog.jp,Female,37.121.67.32
905,Timoteo,Shropshire,tshropshirep4@blogs.com,Male,182.93.74.118
906,Alika,Shrigley,ashrigleyp5@t.co,Female,228.233.185.195
907,Chrysa,Hebblewaite,chebblewaitep6@digg.com,Female,69.129.7.237
908,Launce,Alvarado,lalvaradop7@ft.com,Male,107.72.186.83
909,Micheal,Parysiak,mparysiakp8@ovh.net,Male,159.57.27.169
910,Tristan,Bardey,tbardeyp9@odnoklassniki.ru,Male,106.72.61.61
911,Laura,Gaskin,lgaskinpa@addtoany.com,Female,198.179.21.162
912,Delcina,Dufoure,ddufourepb@dropbox.com,Female,221.22.202.8
913,Panchito,Lehrmann,plehrmannpc@economist.com,Male,247.7.176.50
914,Joy,Rittelmeyer,jrittelmeyerpd@yellowpages.com,Female,142.182.110.240
915,Berke,Chicken,bchickenpe@buzzfeed.com,Male,67.118.65.201
916,Corry,Burbidge,cburbidgepf@goo.ne.jp,Female,198.237.164.85
917,Newton,La Padula,nlapadulapg@artisteer.com,Male,238.12.204.19
918,Fey,Campe,fcampeph@linkedin.com,Female,84.100.226.229
919,Lenora,Doy,ldoypi@oracle.com,Female,57.206.52.162
920,Sauveur,Poznanski,spoznanskipj@stumbleupon.com,Male,106.79.221.126
921,Sara,Delves,sdelvespk@imgur.com,Female,159.207.145.224
922,Teddi,Reubel,treubelpl@wiley.com,Female,162.229.146.165
923,Merrile,L'Amie,mlamiepm@geocities.jp,Female,10.73.61.200
924,Darbee,Satyford,dsatyfordpn@rambler.ru,Male,66.150.15.165
925,Agathe,Tweddle,atweddlepo@blogtalkradio.com,Female,50.18.84.109
926,Elsy,Felkin,efelkinpp@dmoz.org,Female,160.150.196.46
927,Jamima,Oki,jokipq@house.gov,Female,70.235.128.138
928,Atlanta,Wintour,awintourpr@shutterfly.com,Female,8.194.50.252
929,Ricky,Langtree,rlangtreeps@usda.gov,Female,220.161.95.28
930,Ford,Simmings,fsimmingspt@infoseek.co.jp,Male,44.239.91.120
931,Audrey,Lougheed,alougheedpu@tinyurl.com,Female,39.83.40.106
932,Royal,Czaja,rczajapv@4shared.com,Male,3.23.83.70
933,Tova,McSwan,tmcswanpw@admin.ch,Female,222.167.25.5
934,Britteny,Dionisii,bdionisiipx@hatena.ne.jp,Female,191.82.243.24
935,Warren,Youde,wyoudepy@sciencedirect.com,Male,97.157.22.221
936,Astrid,Langdridge,alangdridgepz@wikipedia.org,Female,144.5.191.184
937,Angelita,Lainton,alaintonq0@ameblo.jp,Female,111.212.247.226
938,Robbert,Jeannot,rjeannotq1@alibaba.com,Male,111.131.233.73
939,Tobit,Gook,tgookq2@yolasite.com,Male,122.203.71.9
940,Jeralee,Cathie,jcathieq3@china.com.cn,Female,86.20.155.179
941,Ange,Skechley,askechleyq4@vinaora.com,Male,66.194.125.228
942,Dale,Hedingham,dhedinghamq5@360.cn,Female,111.253.97.124
943,Magdalene,Such,msuchq6@furl.net,Female,10.6.139.144
944,Wandis,Gronaver,wgronaverq7@state.gov,Female,42.252.112.214
945,Wade,Raithby,wraithbyq8@ehow.com,Male,7.81.248.224
946,Rad,Oakden,roakdenq9@alexa.com,Male,193.232.94.85
947,Yorke,Turnpenny,yturnpennyqa@mysql.com,Male,108.231.178.154
948,Martita,Fortesquieu,mfortesquieuqb@constantcontact.com,Female,195.15.27.110
949,Anitra,Handrahan,ahandrahanqc@nationalgeographic.com,Female,82.145.67.52
950,Bertie,Dorin,bdorinqd@i2i.jp,Male,156.128.151.245
951,Cora,Beslier,cbeslierqe@ebay.co.uk,Female,86.139.141.130
952,Velma,Gherardelli,vgherardelliqf@cafepress.com,Female,247.246.202.162
953,Kimberley,Poller,kpollerqg@last.fm,Female,238.67.20.169
954,Xaviera,Cragoe,xcragoeqh@vkontakte.ru,Female,106.130.57.243
955,Kacey,Archley,karchleyqi@princeton.edu,Female,128.102.214.198
956,Janine,Turl,jturlqj@npr.org,Female,176.77.167.60
957,Sandy,McNevin,smcnevinqk@live.com,Female,222.178.115.30
958,Niki,Antonijevic,nantonijevicql@dion.ne.jp,Female,60.124.115.50
959,Marleen,Leaves,mleavesqm@taobao.com,Female,254.238.188.170
960,Cinnamon,Kellard,ckellardqn@google.nl,Female,192.145.43.224
961,Napoleon,Veschambes,nveschambesqo@hexun.com,Male,162.251.217.137
962,Raffaello,Jelfs,rjelfsqp@geocities.com,Male,219.167.175.114
963,Dermot,Crees,dcreesqq@cisco.com,Male,179.249.220.241
964,Emmerich,Matejovsky,ematejovskyqr@house.gov,Male,74.211.223.246
965,Charmian,Gillhespy,cgillhespyqs@moonfruit.com,Female,45.97.188.97
966,Kizzee,Ocklin,kocklinqt@macromedia.com,Female,86.57.232.193
967,Toma,Walkington,twalkingtonqu@usda.gov,Female,250.223.138.203
968,Christyna,Weadick,cweadickqv@addthis.com,Female,209.103.201.209
969,Ezekiel,Romi,eromiqw@ebay.com,Male,254.42.104.165
970,Averyl,Osbourne,aosbourneqx@loc.gov,Female,128.215.137.189
971,Thorsten,Vanacci,tvanacciqy@uiuc.edu,Male,103.223.48.59
972,Ewell,Petasch,epetaschqz@surveymonkey.com,Male,29.193.121.115
973,Newton,Konmann,nkonmannr0@meetup.com,Male,151.222.16.252
974,Annabela,Harp,aharpr1@mtv.com,Female,148.82.173.118
975,Dionisio,Clears,dclearsr2@intel.com,Male,187.200.60.185
976,Gallagher,Bloom,gbloomr3@harvard.edu,Male,156.71.51.118
977,Julian,Fiddler,jfiddlerr4@comcast.net,Male,141.29.155.75
978,Leelah,Furmagier,lfurmagierr5@dropbox.com,Female,168.219.111.130
979,Yancy,Timlin,ytimlinr6@ftc.gov,Male,121.246.75.87
980,Celinda,Paddefield,cpaddefieldr7@friendfeed.com,Female,174.223.33.242
981,Manda,Marzele,mmarzeler8@nasa.gov,Female,246.199.122.246
982,Sauveur,Carrington,scarringtonr9@google.pl,Male,129.22.89.232
983,Viola,Branno,vbrannora@ustream.tv,Female,15.52.35.110
984,Red,Ballance,rballancerb@rambler.ru,Male,146.219.180.196
985,Dana,Eisold,deisoldrc@intel.com,Male,191.133.228.156
986,Stesha,Girling,sgirlingrd@foxnews.com,Female,61.128.54.196
987,Kimmie,Payton,kpaytonre@1688.com,Female,183.57.212.176
988,Guthrie,Gowland,ggowlandrf@domainmarket.com,Male,103.26.182.239
989,Ortensia,Stronghill,ostronghillrg@bbb.org,Female,81.155.117.251
990,Sarina,Shewry,sshewryrh@soundcloud.com,Female,115.22.255.105
991,Enrique,Ganing,eganingri@taobao.com,Male,8.99.93.136
992,Nevile,Ebbutt,nebbuttrj@unicef.org,Male,113.152.217.249
993,Ellswerth,Godfroy,egodfroyrk@taobao.com,Male,222.94.72.48
994,Catha,Yakebovitch,cyakebovitchrl@arizona.edu,Female,41.42.87.49
995,Cortie,Menpes,cmenpesrm@marketwatch.com,Male,184.94.15.147
996,Mildred,Dalliwatr,mdalliwatrrn@va.gov,Female,102.9.232.190
997,Chester,Pilmer,cpilmerro@newsvine.com,Male,60.20.26.235
998,Silvana,Knowller,sknowllerrp@sfgate.com,Female,145.48.71.188
999,Leonard,Snailham,lsnailhamrq@vistaprint.com,Male,226.73.145.177
1000,Nealy,Beal,nbealrr@clickbank.net,Male,26.198.12.228
